{
  "fio version" : "fio-3.6",
  "timestamp" : 1614030629,
  "timestamp_ms" : 1614030629233,
  "time" : "Mon Feb 22 21:50:29 2021",
  "global options" : {
    "rw" : "write",
    "ioengine" : "sync",
    "fdatasync" : "1",
    "directory" : "/var/mnt/etcd11",
    "size" : "200m",
    "bs" : "2300"
  },
  "jobs" : [
    {
      "jobname" : "etcd",
      "groupid" : 0,
      "error" : 0,
      "eta" : 0,
      "elapsed" : 10,
      "job options" : {
        "name" : "etcd"
      },
      "read" : {
        "io_bytes" : 0,
        "io_kbytes" : 0,
        "bw_bytes" : 0,
        "bw" : 0,
        "iops" : 0.000000,
        "runtime" : 0,
        "total_ios" : 0,
        "short_ios" : 91180,
        "drop_ios" : 0,
        "slat_ns" : {
          "min" : 0,
          "max" : 0,
          "mean" : 0.000000,
          "stddev" : 0.000000
        },
        "clat_ns" : {
          "min" : 0,
          "max" : 0,
          "mean" : 0.000000,
          "stddev" : 0.000000,
          "percentile" : {
            "1.000000" : 0,
            "5.000000" : 0,
            "10.000000" : 0,
            "20.000000" : 0,
            "30.000000" : 0,
            "40.000000" : 0,
            "50.000000" : 0,
            "60.000000" : 0,
            "70.000000" : 0,
            "80.000000" : 0,
            "90.000000" : 0,
            "95.000000" : 0,
            "99.000000" : 0,
            "99.500000" : 0,
            "99.900000" : 0,
            "99.950000" : 0,
            "99.990000" : 0
          }
        },
        "lat_ns" : {
          "min" : 0,
          "max" : 0,
          "mean" : 0.000000,
          "stddev" : 0.000000
        },
        "bw_min" : 0,
        "bw_max" : 0,
        "bw_agg" : 0.000000,
        "bw_mean" : 0.000000,
        "bw_dev" : 0.000000,
        "bw_samples" : 0,
        "iops_min" : 0,
        "iops_max" : 0,
        "iops_mean" : 0.000000,
        "iops_stddev" : 0.000000,
        "iops_samples" : 0
      },
      "write" : {
        "io_bytes" : 209714000,
        "io_kbytes" : 204798,
        "bw_bytes" : 21430002,
        "bw" : 20927,
        "iops" : 9317.392193,
        "runtime" : 9786,
        "total_ios" : 91180,
        "short_ios" : 0,
        "drop_ios" : 0,
        "slat_ns" : {
          "min" : 0,
          "max" : 0,
          "mean" : 0.000000,
          "stddev" : 0.000000
        },
        "clat_ns" : {
          "min" : 1834,
          "max" : 360239,
          "mean" : 3641.844505,
          "stddev" : 7492.657733,
          "percentile" : {
            "1.000000" : 2040,
            "5.000000" : 2160,
            "10.000000" : 2288,
            "20.000000" : 2448,
            "30.000000" : 2672,
            "40.000000" : 2896,
            "50.000000" : 2992,
            "60.000000" : 3152,
            "70.000000" : 3408,
            "80.000000" : 3728,
            "90.000000" : 4576,
            "95.000000" : 7648,
            "99.000000" : 9792,
            "99.500000" : 11072,
            "99.900000" : 201728,
            "99.950000" : 207872,
            "99.990000" : 301056
          }
        },
        "lat_ns" : {
          "min" : 1934,
          "max" : 360379,
          "mean" : 3748.308609,
          "stddev" : 7492.938464
        },
        "bw_min" : 18750,
        "bw_max" : 22402,
        "bw_agg" : 99.940897,
        "bw_mean" : 20914.631579,
        "bw_dev" : 1136.440359,
        "bw_samples" : 19,
        "iops_min" : 8348,
        "iops_max" : 9974,
        "iops_mean" : 9311.789474,
        "iops_stddev" : 506.002150,
        "iops_samples" : 19
      },
      "trim" : {
        "io_bytes" : 0,
        "io_kbytes" : 0,
        "bw_bytes" : 0,
        "bw" : 0,
        "iops" : 0.000000,
        "runtime" : 0,
        "total_ios" : 0,
        "short_ios" : 0,
        "drop_ios" : 0,
        "slat_ns" : {
          "min" : 0,
          "max" : 0,
          "mean" : 0.000000,
          "stddev" : 0.000000
        },
        "clat_ns" : {
          "min" : 0,
          "max" : 0,
          "mean" : 0.000000,
          "stddev" : 0.000000,
          "percentile" : {
            "1.000000" : 0,
            "5.000000" : 0,
            "10.000000" : 0,
            "20.000000" : 0,
            "30.000000" : 0,
            "40.000000" : 0,
            "50.000000" : 0,
            "60.000000" : 0,
            "70.000000" : 0,
            "80.000000" : 0,
            "90.000000" : 0,
            "95.000000" : 0,
            "99.000000" : 0,
            "99.500000" : 0,
            "99.900000" : 0,
            "99.950000" : 0,
            "99.990000" : 0
          }
        },
        "lat_ns" : {
          "min" : 0,
          "max" : 0,
          "mean" : 0.000000,
          "stddev" : 0.000000
        },
        "bw_min" : 0,
        "bw_max" : 0,
        "bw_agg" : 0.000000,
        "bw_mean" : 0.000000,
        "bw_dev" : 0.000000,
        "bw_samples" : 0,
        "iops_min" : 0,
        "iops_max" : 0,
        "iops_mean" : 0.000000,
        "iops_stddev" : 0.000000,
        "iops_samples" : 0
      },
      "sync" : {
        "lat_ns" : {
          "min" : 49548,
          "max" : 3101667,
          "mean" : 102604.789131,
          "stddev" : 49107.418512,
          "percentile" : {
            "1.000000" : 52992,
            "5.000000" : 56576,
            "10.000000" : 57600,
            "20.000000" : 58112,
            "30.000000" : 59648,
            "40.000000" : 68096,
            "50.000000" : 125440,
            "60.000000" : 128512,
            "70.000000" : 132096,
            "80.000000" : 134144,
            "90.000000" : 144384,
            "95.000000" : 152576,
            "99.000000" : 162816,
            "99.500000" : 164864,
            "99.900000" : 189440,
            "99.950000" : 626688,
            "99.990000" : 1662976
          }
        },
        "total_ios" : 0
      },
      "usr_cpu" : 2.248339,
      "sys_cpu" : 9.882473,
      "ctx" : 293571,
      "majf" : 0,
      "minf" : 12,
      "iodepth_level" : {
        "1" : 200.000000,
        "2" : 0.000000,
        "4" : 0.000000,
        "8" : 0.000000,
        "16" : 0.000000,
        "32" : 0.000000,
        ">=64" : 0.000000
      },
      "latency_ns" : {
        "2" : 0.000000,
        "4" : 0.000000,
        "10" : 0.000000,
        "20" : 0.000000,
        "50" : 0.000000,
        "100" : 0.000000,
        "250" : 0.000000,
        "500" : 0.000000,
        "750" : 0.000000,
        "1000" : 0.000000
      },
      "latency_us" : {
        "2" : 0.356438,
        "4" : 84.067778,
        "10" : 14.731301,
        "20" : 0.700812,
        "50" : 0.033999,
        "100" : 0.000000,
        "250" : 0.094319,
        "500" : 0.015354,
        "750" : 0.000000,
        "1000" : 0.000000
      },
      "latency_ms" : {
        "2" : 0.000000,
        "4" : 0.000000,
        "10" : 0.000000,
        "20" : 0.000000,
        "50" : 0.000000,
        "100" : 0.000000,
        "250" : 0.000000,
        "500" : 0.000000,
        "750" : 0.000000,
        "1000" : 0.000000,
        "2000" : 0.000000,
        ">=2000" : 0.000000
      },
      "latency_depth" : 1,
      "latency_target" : 0,
      "latency_percentile" : 100.000000,
      "latency_window" : 0
    }
  ],
  "disk_util" : [
    {
      "name" : "sdk",
      "read_ios" : 1,
      "write_ios" : 190662,
      "read_merges" : 0,
      "write_merges" : 4,
      "read_ticks" : 0,
      "write_ticks" : 10653,
      "in_queue" : 22,
      "util" : 99.014677
    }
  ]
}
