{
  "fio version" : "fio-3.6",
  "timestamp" : 1614030502,
  "timestamp_ms" : 1614030502651,
  "time" : "Mon Feb 22 21:48:22 2021",
  "global options" : {
    "rw" : "write",
    "ioengine" : "sync",
    "fdatasync" : "1",
    "directory" : "/var/mnt/etcd5",
    "size" : "200m",
    "bs" : "2300"
  },
  "jobs" : [
    {
      "jobname" : "etcd",
      "groupid" : 0,
      "error" : 0,
      "eta" : 0,
      "elapsed" : 11,
      "job options" : {
        "name" : "etcd"
      },
      "read" : {
        "io_bytes" : 0,
        "io_kbytes" : 0,
        "bw_bytes" : 0,
        "bw" : 0,
        "iops" : 0.000000,
        "runtime" : 0,
        "total_ios" : 0,
        "short_ios" : 91180,
        "drop_ios" : 0,
        "slat_ns" : {
          "min" : 0,
          "max" : 0,
          "mean" : 0.000000,
          "stddev" : 0.000000
        },
        "clat_ns" : {
          "min" : 0,
          "max" : 0,
          "mean" : 0.000000,
          "stddev" : 0.000000,
          "percentile" : {
            "1.000000" : 0,
            "5.000000" : 0,
            "10.000000" : 0,
            "20.000000" : 0,
            "30.000000" : 0,
            "40.000000" : 0,
            "50.000000" : 0,
            "60.000000" : 0,
            "70.000000" : 0,
            "80.000000" : 0,
            "90.000000" : 0,
            "95.000000" : 0,
            "99.000000" : 0,
            "99.500000" : 0,
            "99.900000" : 0,
            "99.950000" : 0,
            "99.990000" : 0
          }
        },
        "lat_ns" : {
          "min" : 0,
          "max" : 0,
          "mean" : 0.000000,
          "stddev" : 0.000000
        },
        "bw_min" : 0,
        "bw_max" : 0,
        "bw_agg" : 0.000000,
        "bw_mean" : 0.000000,
        "bw_dev" : 0.000000,
        "bw_samples" : 0,
        "iops_min" : 0,
        "iops_max" : 0,
        "iops_mean" : 0.000000,
        "iops_stddev" : 0.000000,
        "iops_samples" : 0
      },
      "write" : {
        "io_bytes" : 209714000,
        "io_kbytes" : 204798,
        "bw_bytes" : 20443946,
        "bw" : 19964,
        "iops" : 8888.672256,
        "runtime" : 10258,
        "total_ios" : 91180,
        "short_ios" : 0,
        "drop_ios" : 0,
        "slat_ns" : {
          "min" : 0,
          "max" : 0,
          "mean" : 0.000000,
          "stddev" : 0.000000
        },
        "clat_ns" : {
          "min" : 1723,
          "max" : 329942,
          "mean" : 3293.831388,
          "stddev" : 7139.346261,
          "percentile" : {
            "1.000000" : 1880,
            "5.000000" : 1960,
            "10.000000" : 1992,
            "20.000000" : 2096,
            "30.000000" : 2416,
            "40.000000" : 2672,
            "50.000000" : 2800,
            "60.000000" : 2896,
            "70.000000" : 3152,
            "80.000000" : 3376,
            "90.000000" : 4128,
            "95.000000" : 5792,
            "99.000000" : 8896,
            "99.500000" : 9792,
            "99.900000" : 193536,
            "99.950000" : 201728,
            "99.990000" : 284672
          }
        },
        "lat_ns" : {
          "min" : 1853,
          "max" : 330022,
          "mean" : 3399.758215,
          "stddev" : 7138.134312
        },
        "bw_min" : 19509,
        "bw_max" : 20668,
        "bw_agg" : 99.920357,
        "bw_mean" : 19948.100000,
        "bw_dev" : 255.906007,
        "bw_samples" : 20,
        "iops_min" : 8686,
        "iops_max" : 9202,
        "iops_mean" : 8881.500000,
        "iops_stddev" : 113.950820,
        "iops_samples" : 20
      },
      "trim" : {
        "io_bytes" : 0,
        "io_kbytes" : 0,
        "bw_bytes" : 0,
        "bw" : 0,
        "iops" : 0.000000,
        "runtime" : 0,
        "total_ios" : 0,
        "short_ios" : 0,
        "drop_ios" : 0,
        "slat_ns" : {
          "min" : 0,
          "max" : 0,
          "mean" : 0.000000,
          "stddev" : 0.000000
        },
        "clat_ns" : {
          "min" : 0,
          "max" : 0,
          "mean" : 0.000000,
          "stddev" : 0.000000,
          "percentile" : {
            "1.000000" : 0,
            "5.000000" : 0,
            "10.000000" : 0,
            "20.000000" : 0,
            "30.000000" : 0,
            "40.000000" : 0,
            "50.000000" : 0,
            "60.000000" : 0,
            "70.000000" : 0,
            "80.000000" : 0,
            "90.000000" : 0,
            "95.000000" : 0,
            "99.000000" : 0,
            "99.500000" : 0,
            "99.900000" : 0,
            "99.950000" : 0,
            "99.990000" : 0
          }
        },
        "lat_ns" : {
          "min" : 0,
          "max" : 0,
          "mean" : 0.000000,
          "stddev" : 0.000000
        },
        "bw_min" : 0,
        "bw_max" : 0,
        "bw_agg" : 0.000000,
        "bw_mean" : 0.000000,
        "bw_dev" : 0.000000,
        "bw_samples" : 0,
        "iops_min" : 0,
        "iops_max" : 0,
        "iops_mean" : 0.000000,
        "iops_stddev" : 0.000000,
        "iops_samples" : 0
      },
      "sync" : {
        "lat_ns" : {
          "min" : 50300,
          "max" : 5193478,
          "mean" : 108120.812174,
          "stddev" : 115590.651943,
          "percentile" : {
            "1.000000" : 54528,
            "5.000000" : 57600,
            "10.000000" : 59648,
            "20.000000" : 60160,
            "30.000000" : 60672,
            "40.000000" : 62720,
            "50.000000" : 129536,
            "60.000000" : 134144,
            "70.000000" : 136192,
            "80.000000" : 138240,
            "90.000000" : 140288,
            "95.000000" : 142336,
            "99.000000" : 152576,
            "99.500000" : 164864,
            "99.900000" : 2244608,
            "99.950000" : 2277376,
            "99.990000" : 2801664
          }
        },
        "total_ios" : 0
      },
      "usr_cpu" : 2.330116,
      "sys_cpu" : 8.969484,
      "ctx" : 295352,
      "majf" : 0,
      "minf" : 12,
      "iodepth_level" : {
        "1" : 200.000000,
        "2" : 0.000000,
        "4" : 0.000000,
        "8" : 0.000000,
        "16" : 0.000000,
        "32" : 0.000000,
        ">=64" : 0.000000
      },
      "latency_ns" : {
        "2" : 0.000000,
        "4" : 0.000000,
        "10" : 0.000000,
        "20" : 0.000000,
        "50" : 0.000000,
        "100" : 0.000000,
        "250" : 0.000000,
        "500" : 0.000000,
        "750" : 0.000000,
        "1000" : 0.000000
      },
      "latency_us" : {
        "2" : 10.150252,
        "4" : 78.406449,
        "10" : 10.983768,
        "20" : 0.343277,
        "50" : 0.010000,
        "100" : 0.000000,
        "250" : 0.093222,
        "500" : 0.014258,
        "750" : 0.000000,
        "1000" : 0.000000
      },
      "latency_ms" : {
        "2" : 0.000000,
        "4" : 0.000000,
        "10" : 0.000000,
        "20" : 0.000000,
        "50" : 0.000000,
        "100" : 0.000000,
        "250" : 0.000000,
        "500" : 0.000000,
        "750" : 0.000000,
        "1000" : 0.000000,
        "2000" : 0.000000,
        ">=2000" : 0.000000
      },
      "latency_depth" : 1,
      "latency_target" : 0,
      "latency_percentile" : 100.000000,
      "latency_window" : 0
    }
  ],
  "disk_util" : [
    {
      "name" : "sde",
      "read_ios" : 1,
      "write_ios" : 191375,
      "read_merges" : 0,
      "write_merges" : 4,
      "read_ticks" : 1,
      "write_ticks" : 11255,
      "in_queue" : 459,
      "util" : 99.072356
    }
  ]
}
