{
  "fio version" : "fio-3.6",
  "timestamp" : 1614030608,
  "timestamp_ms" : 1614030608532,
  "time" : "Mon Feb 22 21:50:08 2021",
  "global options" : {
    "rw" : "write",
    "ioengine" : "sync",
    "fdatasync" : "1",
    "directory" : "/var/mnt/etcd10",
    "size" : "200m",
    "bs" : "2300"
  },
  "jobs" : [
    {
      "jobname" : "etcd",
      "groupid" : 0,
      "error" : 0,
      "eta" : 0,
      "elapsed" : 12,
      "job options" : {
        "name" : "etcd"
      },
      "read" : {
        "io_bytes" : 0,
        "io_kbytes" : 0,
        "bw_bytes" : 0,
        "bw" : 0,
        "iops" : 0.000000,
        "runtime" : 0,
        "total_ios" : 0,
        "short_ios" : 91180,
        "drop_ios" : 0,
        "slat_ns" : {
          "min" : 0,
          "max" : 0,
          "mean" : 0.000000,
          "stddev" : 0.000000
        },
        "clat_ns" : {
          "min" : 0,
          "max" : 0,
          "mean" : 0.000000,
          "stddev" : 0.000000,
          "percentile" : {
            "1.000000" : 0,
            "5.000000" : 0,
            "10.000000" : 0,
            "20.000000" : 0,
            "30.000000" : 0,
            "40.000000" : 0,
            "50.000000" : 0,
            "60.000000" : 0,
            "70.000000" : 0,
            "80.000000" : 0,
            "90.000000" : 0,
            "95.000000" : 0,
            "99.000000" : 0,
            "99.500000" : 0,
            "99.900000" : 0,
            "99.950000" : 0,
            "99.990000" : 0
          }
        },
        "lat_ns" : {
          "min" : 0,
          "max" : 0,
          "mean" : 0.000000,
          "stddev" : 0.000000
        },
        "bw_min" : 0,
        "bw_max" : 0,
        "bw_agg" : 0.000000,
        "bw_mean" : 0.000000,
        "bw_dev" : 0.000000,
        "bw_samples" : 0,
        "iops_min" : 0,
        "iops_max" : 0,
        "iops_mean" : 0.000000,
        "iops_stddev" : 0.000000,
        "iops_samples" : 0
      },
      "write" : {
        "io_bytes" : 209714000,
        "io_kbytes" : 204798,
        "bw_bytes" : 18894855,
        "bw" : 18452,
        "iops" : 8215.154518,
        "runtime" : 11099,
        "total_ios" : 91180,
        "short_ios" : 0,
        "drop_ios" : 0,
        "slat_ns" : {
          "min" : 0,
          "max" : 0,
          "mean" : 0.000000,
          "stddev" : 0.000000
        },
        "clat_ns" : {
          "min" : 1834,
          "max" : 337038,
          "mean" : 3700.312130,
          "stddev" : 7302.842078,
          "percentile" : {
            "1.000000" : 2096,
            "5.000000" : 2224,
            "10.000000" : 2352,
            "20.000000" : 2544,
            "30.000000" : 2672,
            "40.000000" : 2928,
            "50.000000" : 3056,
            "60.000000" : 3216,
            "70.000000" : 3472,
            "80.000000" : 3920,
            "90.000000" : 4704,
            "95.000000" : 7648,
            "99.000000" : 9536,
            "99.500000" : 10816,
            "99.900000" : 197632,
            "99.950000" : 205824,
            "99.990000" : 296960
          }
        },
        "lat_ns" : {
          "min" : 1934,
          "max" : 337118,
          "mean" : 3807.379601,
          "stddev" : 7302.317906
        },
        "bw_min" : 16966,
        "bw_max" : 20569,
        "bw_agg" : 99.967976,
        "bw_mean" : 18446.090909,
        "bw_dev" : 1249.687919,
        "bw_samples" : 22,
        "iops_min" : 7554,
        "iops_max" : 9158,
        "iops_mean" : 8212.727273,
        "iops_stddev" : 556.422089,
        "iops_samples" : 22
      },
      "trim" : {
        "io_bytes" : 0,
        "io_kbytes" : 0,
        "bw_bytes" : 0,
        "bw" : 0,
        "iops" : 0.000000,
        "runtime" : 0,
        "total_ios" : 0,
        "short_ios" : 0,
        "drop_ios" : 0,
        "slat_ns" : {
          "min" : 0,
          "max" : 0,
          "mean" : 0.000000,
          "stddev" : 0.000000
        },
        "clat_ns" : {
          "min" : 0,
          "max" : 0,
          "mean" : 0.000000,
          "stddev" : 0.000000,
          "percentile" : {
            "1.000000" : 0,
            "5.000000" : 0,
            "10.000000" : 0,
            "20.000000" : 0,
            "30.000000" : 0,
            "40.000000" : 0,
            "50.000000" : 0,
            "60.000000" : 0,
            "70.000000" : 0,
            "80.000000" : 0,
            "90.000000" : 0,
            "95.000000" : 0,
            "99.000000" : 0,
            "99.500000" : 0,
            "99.900000" : 0,
            "99.950000" : 0,
            "99.990000" : 0
          }
        },
        "lat_ns" : {
          "min" : 0,
          "max" : 0,
          "mean" : 0.000000,
          "stddev" : 0.000000
        },
        "bw_min" : 0,
        "bw_max" : 0,
        "bw_agg" : 0.000000,
        "bw_mean" : 0.000000,
        "bw_dev" : 0.000000,
        "bw_samples" : 0,
        "iops_min" : 0,
        "iops_max" : 0,
        "iops_mean" : 0.000000,
        "iops_stddev" : 0.000000,
        "iops_samples" : 0
      },
      "sync" : {
        "lat_ns" : {
          "min" : 55198,
          "max" : 3195088,
          "mean" : 116885.336335,
          "stddev" : 57998.067385,
          "percentile" : {
            "1.000000" : 58112,
            "5.000000" : 60160,
            "10.000000" : 65280,
            "20.000000" : 68096,
            "30.000000" : 68096,
            "40.000000" : 70144,
            "50.000000" : 138240,
            "60.000000" : 144384,
            "70.000000" : 150528,
            "80.000000" : 162816,
            "90.000000" : 168960,
            "95.000000" : 171008,
            "99.000000" : 177152,
            "99.500000" : 181248,
            "99.900000" : 224256,
            "99.950000" : 675840,
            "99.990000" : 2023424
          }
        },
        "total_ios" : 0
      },
      "usr_cpu" : 1.937286,
      "sys_cpu" : 9.650387,
      "ctx" : 288582,
      "majf" : 0,
      "minf" : 12,
      "iodepth_level" : {
        "1" : 200.000000,
        "2" : 0.000000,
        "4" : 0.000000,
        "8" : 0.000000,
        "16" : 0.000000,
        "32" : 0.000000,
        ">=64" : 0.000000
      },
      "latency_ns" : {
        "2" : 0.000000,
        "4" : 0.000000,
        "10" : 0.000000,
        "20" : 0.000000,
        "50" : 0.000000,
        "100" : 0.000000,
        "250" : 0.000000,
        "500" : 0.000000,
        "750" : 0.000000,
        "1000" : 0.000000
      },
      "latency_us" : {
        "2" : 0.118447,
        "4" : 81.403817,
        "10" : 17.668348,
        "20" : 0.690941,
        "50" : 0.013161,
        "100" : 0.000000,
        "250" : 0.088835,
        "500" : 0.016451,
        "750" : 0.000000,
        "1000" : 0.000000
      },
      "latency_ms" : {
        "2" : 0.000000,
        "4" : 0.000000,
        "10" : 0.000000,
        "20" : 0.000000,
        "50" : 0.000000,
        "100" : 0.000000,
        "250" : 0.000000,
        "500" : 0.000000,
        "750" : 0.000000,
        "1000" : 0.000000,
        "2000" : 0.000000,
        ">=2000" : 0.000000
      },
      "latency_depth" : 1,
      "latency_target" : 0,
      "latency_percentile" : 100.000000,
      "latency_window" : 0
    }
  ],
  "disk_util" : [
    {
      "name" : "sdj",
      "read_ios" : 1,
      "write_ios" : 189827,
      "read_merges" : 0,
      "write_merges" : 4,
      "read_ticks" : 0,
      "write_ticks" : 11952,
      "in_queue" : 47,
      "util" : 99.117219
    }
  ]
}
