{
  "fio version" : "fio-3.6",
  "timestamp" : 1614030438,
  "timestamp_ms" : 1614030438210,
  "time" : "Mon Feb 22 21:47:18 2021",
  "global options" : {
    "rw" : "write",
    "ioengine" : "sync",
    "fdatasync" : "1",
    "directory" : "/var/mnt/etcd2",
    "size" : "200m",
    "bs" : "2300"
  },
  "jobs" : [
    {
      "jobname" : "etcd",
      "groupid" : 0,
      "error" : 0,
      "eta" : 0,
      "elapsed" : 12,
      "job options" : {
        "name" : "etcd"
      },
      "read" : {
        "io_bytes" : 0,
        "io_kbytes" : 0,
        "bw_bytes" : 0,
        "bw" : 0,
        "iops" : 0.000000,
        "runtime" : 0,
        "total_ios" : 0,
        "short_ios" : 91180,
        "drop_ios" : 0,
        "slat_ns" : {
          "min" : 0,
          "max" : 0,
          "mean" : 0.000000,
          "stddev" : 0.000000
        },
        "clat_ns" : {
          "min" : 0,
          "max" : 0,
          "mean" : 0.000000,
          "stddev" : 0.000000,
          "percentile" : {
            "1.000000" : 0,
            "5.000000" : 0,
            "10.000000" : 0,
            "20.000000" : 0,
            "30.000000" : 0,
            "40.000000" : 0,
            "50.000000" : 0,
            "60.000000" : 0,
            "70.000000" : 0,
            "80.000000" : 0,
            "90.000000" : 0,
            "95.000000" : 0,
            "99.000000" : 0,
            "99.500000" : 0,
            "99.900000" : 0,
            "99.950000" : 0,
            "99.990000" : 0
          }
        },
        "lat_ns" : {
          "min" : 0,
          "max" : 0,
          "mean" : 0.000000,
          "stddev" : 0.000000
        },
        "bw_min" : 0,
        "bw_max" : 0,
        "bw_agg" : 0.000000,
        "bw_mean" : 0.000000,
        "bw_dev" : 0.000000,
        "bw_samples" : 0,
        "iops_min" : 0,
        "iops_max" : 0,
        "iops_mean" : 0.000000,
        "iops_stddev" : 0.000000,
        "iops_samples" : 0
      },
      "write" : {
        "io_bytes" : 209714000,
        "io_kbytes" : 204798,
        "bw_bytes" : 18915306,
        "bw" : 18471,
        "iops" : 8224.046180,
        "runtime" : 11087,
        "total_ios" : 91180,
        "short_ios" : 0,
        "drop_ios" : 0,
        "slat_ns" : {
          "min" : 0,
          "max" : 0,
          "mean" : 0.000000,
          "stddev" : 0.000000
        },
        "clat_ns" : {
          "min" : 1924,
          "max" : 356109,
          "mean" : 3804.330840,
          "stddev" : 7279.091203,
          "percentile" : {
            "1.000000" : 2160,
            "5.000000" : 2320,
            "10.000000" : 2480,
            "20.000000" : 2608,
            "30.000000" : 2864,
            "40.000000" : 2960,
            "50.000000" : 3088,
            "60.000000" : 3440,
            "70.000000" : 3632,
            "80.000000" : 4016,
            "90.000000" : 4768,
            "95.000000" : 6432,
            "99.000000" : 10176,
            "99.500000" : 11584,
            "99.900000" : 199680,
            "99.950000" : 205824,
            "99.990000" : 272384
          }
        },
        "lat_ns" : {
          "min" : 2054,
          "max" : 356219,
          "mean" : 3923.414433,
          "stddev" : 7279.338863
        },
        "bw_min" : 15583,
        "bw_max" : 21486,
        "bw_agg" : 99.981790,
        "bw_mean" : 18467.636364,
        "bw_dev" : 1249.084905,
        "bw_samples" : 22,
        "iops_min" : 6938,
        "iops_max" : 9566,
        "iops_mean" : 8222.318182,
        "iops_stddev" : 556.049620,
        "iops_samples" : 22
      },
      "trim" : {
        "io_bytes" : 0,
        "io_kbytes" : 0,
        "bw_bytes" : 0,
        "bw" : 0,
        "iops" : 0.000000,
        "runtime" : 0,
        "total_ios" : 0,
        "short_ios" : 0,
        "drop_ios" : 0,
        "slat_ns" : {
          "min" : 0,
          "max" : 0,
          "mean" : 0.000000,
          "stddev" : 0.000000
        },
        "clat_ns" : {
          "min" : 0,
          "max" : 0,
          "mean" : 0.000000,
          "stddev" : 0.000000,
          "percentile" : {
            "1.000000" : 0,
            "5.000000" : 0,
            "10.000000" : 0,
            "20.000000" : 0,
            "30.000000" : 0,
            "40.000000" : 0,
            "50.000000" : 0,
            "60.000000" : 0,
            "70.000000" : 0,
            "80.000000" : 0,
            "90.000000" : 0,
            "95.000000" : 0,
            "99.000000" : 0,
            "99.500000" : 0,
            "99.900000" : 0,
            "99.950000" : 0,
            "99.990000" : 0
          }
        },
        "lat_ns" : {
          "min" : 0,
          "max" : 0,
          "mean" : 0.000000,
          "stddev" : 0.000000
        },
        "bw_min" : 0,
        "bw_max" : 0,
        "bw_agg" : 0.000000,
        "bw_mean" : 0.000000,
        "bw_dev" : 0.000000,
        "bw_samples" : 0,
        "iops_min" : 0,
        "iops_max" : 0,
        "iops_mean" : 0.000000,
        "iops_stddev" : 0.000000,
        "iops_samples" : 0
      },
      "sync" : {
        "lat_ns" : {
          "min" : 51122,
          "max" : 8882203,
          "mean" : 116632.358807,
          "stddev" : 125892.224732,
          "percentile" : {
            "1.000000" : 54016,
            "5.000000" : 56576,
            "10.000000" : 58624,
            "20.000000" : 59648,
            "30.000000" : 65280,
            "40.000000" : 74240,
            "50.000000" : 126464,
            "60.000000" : 144384,
            "70.000000" : 146432,
            "80.000000" : 150528,
            "90.000000" : 160768,
            "95.000000" : 162816,
            "99.000000" : 175104,
            "99.500000" : 193536,
            "99.900000" : 2277376,
            "99.950000" : 2277376,
            "99.990000" : 2670592
          }
        },
        "total_ios" : 0
      },
      "usr_cpu" : 2.219015,
      "sys_cpu" : 10.093812,
      "ctx" : 292371,
      "majf" : 0,
      "minf" : 13,
      "iodepth_level" : {
        "1" : 200.000000,
        "2" : 0.000000,
        "4" : 0.000000,
        "8" : 0.000000,
        "16" : 0.000000,
        "32" : 0.000000,
        ">=64" : 0.000000
      },
      "latency_ns" : {
        "2" : 0.000000,
        "4" : 0.000000,
        "10" : 0.000000,
        "20" : 0.000000,
        "50" : 0.000000,
        "100" : 0.000000,
        "250" : 0.000000,
        "500" : 0.000000,
        "750" : 0.000000,
        "1000" : 0.000000
      },
      "latency_us" : {
        "2" : 0.014258,
        "4" : 79.830007,
        "10" : 19.018425,
        "20" : 1.014477,
        "50" : 0.013161,
        "100" : 0.010000,
        "250" : 0.095416,
        "500" : 0.013161,
        "750" : 0.000000,
        "1000" : 0.000000
      },
      "latency_ms" : {
        "2" : 0.000000,
        "4" : 0.000000,
        "10" : 0.000000,
        "20" : 0.000000,
        "50" : 0.000000,
        "100" : 0.000000,
        "250" : 0.000000,
        "500" : 0.000000,
        "750" : 0.000000,
        "1000" : 0.000000,
        "2000" : 0.000000,
        ">=2000" : 0.000000
      },
      "latency_depth" : 1,
      "latency_target" : 0,
      "latency_percentile" : 100.000000,
      "latency_window" : 0
    }
  ],
  "disk_util" : [
    {
      "name" : "sdb",
      "read_ios" : 1,
      "write_ios" : 190030,
      "read_merges" : 0,
      "write_merges" : 4,
      "read_ticks" : 1,
      "write_ticks" : 11631,
      "in_queue" : 465,
      "util" : 99.162571
    }
  ]
}
