{
  "fio version" : "fio-3.6",
  "timestamp" : 1614030565,
  "timestamp_ms" : 1614030565300,
  "time" : "Mon Feb 22 21:49:25 2021",
  "global options" : {
    "rw" : "write",
    "ioengine" : "sync",
    "fdatasync" : "1",
    "directory" : "/var/mnt/etcd8",
    "size" : "200m",
    "bs" : "2300"
  },
  "jobs" : [
    {
      "jobname" : "etcd",
      "groupid" : 0,
      "error" : 0,
      "eta" : 0,
      "elapsed" : 10,
      "job options" : {
        "name" : "etcd"
      },
      "read" : {
        "io_bytes" : 0,
        "io_kbytes" : 0,
        "bw_bytes" : 0,
        "bw" : 0,
        "iops" : 0.000000,
        "runtime" : 0,
        "total_ios" : 0,
        "short_ios" : 91180,
        "drop_ios" : 0,
        "slat_ns" : {
          "min" : 0,
          "max" : 0,
          "mean" : 0.000000,
          "stddev" : 0.000000
        },
        "clat_ns" : {
          "min" : 0,
          "max" : 0,
          "mean" : 0.000000,
          "stddev" : 0.000000,
          "percentile" : {
            "1.000000" : 0,
            "5.000000" : 0,
            "10.000000" : 0,
            "20.000000" : 0,
            "30.000000" : 0,
            "40.000000" : 0,
            "50.000000" : 0,
            "60.000000" : 0,
            "70.000000" : 0,
            "80.000000" : 0,
            "90.000000" : 0,
            "95.000000" : 0,
            "99.000000" : 0,
            "99.500000" : 0,
            "99.900000" : 0,
            "99.950000" : 0,
            "99.990000" : 0
          }
        },
        "lat_ns" : {
          "min" : 0,
          "max" : 0,
          "mean" : 0.000000,
          "stddev" : 0.000000
        },
        "bw_min" : 0,
        "bw_max" : 0,
        "bw_agg" : 0.000000,
        "bw_mean" : 0.000000,
        "bw_dev" : 0.000000,
        "bw_samples" : 0,
        "iops_min" : 0,
        "iops_max" : 0,
        "iops_mean" : 0.000000,
        "iops_stddev" : 0.000000,
        "iops_samples" : 0
      },
      "write" : {
        "io_bytes" : 209714000,
        "io_kbytes" : 204798,
        "bw_bytes" : 21316731,
        "bw" : 20817,
        "iops" : 9268.143932,
        "runtime" : 9838,
        "total_ios" : 91180,
        "short_ios" : 0,
        "drop_ios" : 0,
        "slat_ns" : {
          "min" : 0,
          "max" : 0,
          "mean" : 0.000000,
          "stddev" : 0.000000
        },
        "clat_ns" : {
          "min" : 1803,
          "max" : 394234,
          "mean" : 3479.956065,
          "stddev" : 7535.558151,
          "percentile" : {
            "1.000000" : 1992,
            "5.000000" : 2096,
            "10.000000" : 2192,
            "20.000000" : 2352,
            "30.000000" : 2480,
            "40.000000" : 2768,
            "50.000000" : 2864,
            "60.000000" : 2992,
            "70.000000" : 3216,
            "80.000000" : 3504,
            "90.000000" : 4384,
            "95.000000" : 7584,
            "99.000000" : 9536,
            "99.500000" : 10688,
            "99.900000" : 201728,
            "99.950000" : 207872,
            "99.990000" : 288768
          }
        },
        "lat_ns" : {
          "min" : 1913,
          "max" : 405485,
          "mean" : 3590.618085,
          "stddev" : 7542.386323
        },
        "bw_min" : 18912,
        "bw_max" : 21477,
        "bw_agg" : 99.991404,
        "bw_mean" : 20815.210526,
        "bw_dev" : 548.346056,
        "bw_samples" : 19,
        "iops_min" : 8420,
        "iops_max" : 9562,
        "iops_mean" : 9267.473684,
        "iops_stddev" : 244.140071,
        "iops_samples" : 19
      },
      "trim" : {
        "io_bytes" : 0,
        "io_kbytes" : 0,
        "bw_bytes" : 0,
        "bw" : 0,
        "iops" : 0.000000,
        "runtime" : 0,
        "total_ios" : 0,
        "short_ios" : 0,
        "drop_ios" : 0,
        "slat_ns" : {
          "min" : 0,
          "max" : 0,
          "mean" : 0.000000,
          "stddev" : 0.000000
        },
        "clat_ns" : {
          "min" : 0,
          "max" : 0,
          "mean" : 0.000000,
          "stddev" : 0.000000,
          "percentile" : {
            "1.000000" : 0,
            "5.000000" : 0,
            "10.000000" : 0,
            "20.000000" : 0,
            "30.000000" : 0,
            "40.000000" : 0,
            "50.000000" : 0,
            "60.000000" : 0,
            "70.000000" : 0,
            "80.000000" : 0,
            "90.000000" : 0,
            "95.000000" : 0,
            "99.000000" : 0,
            "99.500000" : 0,
            "99.900000" : 0,
            "99.950000" : 0,
            "99.990000" : 0
          }
        },
        "lat_ns" : {
          "min" : 0,
          "max" : 0,
          "mean" : 0.000000,
          "stddev" : 0.000000
        },
        "bw_min" : 0,
        "bw_max" : 0,
        "bw_agg" : 0.000000,
        "bw_mean" : 0.000000,
        "bw_dev" : 0.000000,
        "bw_samples" : 0,
        "iops_min" : 0,
        "iops_max" : 0,
        "iops_mean" : 0.000000,
        "iops_stddev" : 0.000000,
        "iops_samples" : 0
      },
      "sync" : {
        "lat_ns" : {
          "min" : 50120,
          "max" : 3156482,
          "mean" : 103414.833450,
          "stddev" : 49030.764085,
          "percentile" : {
            "1.000000" : 53504,
            "5.000000" : 57088,
            "10.000000" : 58624,
            "20.000000" : 59648,
            "30.000000" : 60672,
            "40.000000" : 63232,
            "50.000000" : 127488,
            "60.000000" : 132096,
            "70.000000" : 136192,
            "80.000000" : 138240,
            "90.000000" : 142336,
            "95.000000" : 148480,
            "99.000000" : 158720,
            "99.500000" : 164864,
            "99.900000" : 189440,
            "99.950000" : 358400,
            "99.990000" : 1351680
          }
        },
        "total_ios" : 0
      },
      "usr_cpu" : 2.114466,
      "sys_cpu" : 9.474433,
      "ctx" : 290337,
      "majf" : 0,
      "minf" : 13,
      "iodepth_level" : {
        "1" : 200.000000,
        "2" : 0.000000,
        "4" : 0.000000,
        "8" : 0.000000,
        "16" : 0.000000,
        "32" : 0.000000,
        ">=64" : 0.000000
      },
      "latency_ns" : {
        "2" : 0.000000,
        "4" : 0.000000,
        "10" : 0.000000,
        "20" : 0.000000,
        "50" : 0.000000,
        "100" : 0.000000,
        "250" : 0.000000,
        "500" : 0.000000,
        "750" : 0.000000,
        "1000" : 0.000000
      },
      "latency_us" : {
        "2" : 1.000219,
        "4" : 86.604519,
        "10" : 11.650581,
        "20" : 0.611976,
        "50" : 0.024128,
        "100" : 0.000000,
        "250" : 0.088835,
        "500" : 0.019741,
        "750" : 0.000000,
        "1000" : 0.000000
      },
      "latency_ms" : {
        "2" : 0.000000,
        "4" : 0.000000,
        "10" : 0.000000,
        "20" : 0.000000,
        "50" : 0.000000,
        "100" : 0.000000,
        "250" : 0.000000,
        "500" : 0.000000,
        "750" : 0.000000,
        "1000" : 0.000000,
        "2000" : 0.000000,
        ">=2000" : 0.000000
      },
      "latency_depth" : 1,
      "latency_target" : 0,
      "latency_percentile" : 100.000000,
      "latency_window" : 0
    }
  ],
  "disk_util" : [
    {
      "name" : "sdh",
      "read_ios" : 1,
      "write_ios" : 189581,
      "read_merges" : 0,
      "write_merges" : 4,
      "read_ticks" : 1,
      "write_ticks" : 10868,
      "in_queue" : 31,
      "util" : 99.014171
    }
  ]
}
