{
  "fio version" : "fio-3.6",
  "timestamp" : 1614030459,
  "timestamp_ms" : 1614030459568,
  "time" : "Mon Feb 22 21:47:39 2021",
  "global options" : {
    "rw" : "write",
    "ioengine" : "sync",
    "fdatasync" : "1",
    "directory" : "/var/mnt/etcd3",
    "size" : "200m",
    "bs" : "2300"
  },
  "jobs" : [
    {
      "jobname" : "etcd",
      "groupid" : 0,
      "error" : 0,
      "eta" : 0,
      "elapsed" : 11,
      "job options" : {
        "name" : "etcd"
      },
      "read" : {
        "io_bytes" : 0,
        "io_kbytes" : 0,
        "bw_bytes" : 0,
        "bw" : 0,
        "iops" : 0.000000,
        "runtime" : 0,
        "total_ios" : 0,
        "short_ios" : 91180,
        "drop_ios" : 0,
        "slat_ns" : {
          "min" : 0,
          "max" : 0,
          "mean" : 0.000000,
          "stddev" : 0.000000
        },
        "clat_ns" : {
          "min" : 0,
          "max" : 0,
          "mean" : 0.000000,
          "stddev" : 0.000000,
          "percentile" : {
            "1.000000" : 0,
            "5.000000" : 0,
            "10.000000" : 0,
            "20.000000" : 0,
            "30.000000" : 0,
            "40.000000" : 0,
            "50.000000" : 0,
            "60.000000" : 0,
            "70.000000" : 0,
            "80.000000" : 0,
            "90.000000" : 0,
            "95.000000" : 0,
            "99.000000" : 0,
            "99.500000" : 0,
            "99.900000" : 0,
            "99.950000" : 0,
            "99.990000" : 0
          }
        },
        "lat_ns" : {
          "min" : 0,
          "max" : 0,
          "mean" : 0.000000,
          "stddev" : 0.000000
        },
        "bw_min" : 0,
        "bw_max" : 0,
        "bw_agg" : 0.000000,
        "bw_mean" : 0.000000,
        "bw_dev" : 0.000000,
        "bw_samples" : 0,
        "iops_min" : 0,
        "iops_max" : 0,
        "iops_mean" : 0.000000,
        "iops_stddev" : 0.000000,
        "iops_samples" : 0
      },
      "write" : {
        "io_bytes" : 209714000,
        "io_kbytes" : 204798,
        "bw_bytes" : 20137699,
        "bw" : 19665,
        "iops" : 8755.521413,
        "runtime" : 10414,
        "total_ios" : 91180,
        "short_ios" : 0,
        "drop_ios" : 0,
        "slat_ns" : {
          "min" : 0,
          "max" : 0,
          "mean" : 0.000000,
          "stddev" : 0.000000
        },
        "clat_ns" : {
          "min" : 1653,
          "max" : 335178,
          "mean" : 3330.201294,
          "stddev" : 7165.830291,
          "percentile" : {
            "1.000000" : 1880,
            "5.000000" : 1960,
            "10.000000" : 2008,
            "20.000000" : 2096,
            "30.000000" : 2320,
            "40.000000" : 2640,
            "50.000000" : 2768,
            "60.000000" : 2896,
            "70.000000" : 3088,
            "80.000000" : 3408,
            "90.000000" : 4256,
            "95.000000" : 7584,
            "99.000000" : 9280,
            "99.500000" : 10688,
            "99.900000" : 42240,
            "99.950000" : 203776,
            "99.990000" : 296960
          }
        },
        "lat_ns" : {
          "min" : 1753,
          "max" : 335288,
          "mean" : 3429.228778,
          "stddev" : 7165.675305
        },
        "bw_min" : 17950,
        "bw_max" : 20457,
        "bw_agg" : 99.997712,
        "bw_mean" : 19664.550000,
        "bw_dev" : 886.158978,
        "bw_samples" : 20,
        "iops_min" : 7992,
        "iops_max" : 9108,
        "iops_mean" : 8755.200000,
        "iops_stddev" : 394.515239,
        "iops_samples" : 20
      },
      "trim" : {
        "io_bytes" : 0,
        "io_kbytes" : 0,
        "bw_bytes" : 0,
        "bw" : 0,
        "iops" : 0.000000,
        "runtime" : 0,
        "total_ios" : 0,
        "short_ios" : 0,
        "drop_ios" : 0,
        "slat_ns" : {
          "min" : 0,
          "max" : 0,
          "mean" : 0.000000,
          "stddev" : 0.000000
        },
        "clat_ns" : {
          "min" : 0,
          "max" : 0,
          "mean" : 0.000000,
          "stddev" : 0.000000,
          "percentile" : {
            "1.000000" : 0,
            "5.000000" : 0,
            "10.000000" : 0,
            "20.000000" : 0,
            "30.000000" : 0,
            "40.000000" : 0,
            "50.000000" : 0,
            "60.000000" : 0,
            "70.000000" : 0,
            "80.000000" : 0,
            "90.000000" : 0,
            "95.000000" : 0,
            "99.000000" : 0,
            "99.500000" : 0,
            "99.900000" : 0,
            "99.950000" : 0,
            "99.990000" : 0
          }
        },
        "lat_ns" : {
          "min" : 0,
          "max" : 0,
          "mean" : 0.000000,
          "stddev" : 0.000000
        },
        "bw_min" : 0,
        "bw_max" : 0,
        "bw_agg" : 0.000000,
        "bw_mean" : 0.000000,
        "bw_dev" : 0.000000,
        "bw_samples" : 0,
        "iops_min" : 0,
        "iops_max" : 0,
        "iops_mean" : 0.000000,
        "iops_stddev" : 0.000000,
        "iops_samples" : 0
      },
      "sync" : {
        "lat_ns" : {
          "min" : 53104,
          "max" : 6994048,
          "mean" : 109820.065672,
          "stddev" : 116949.671037,
          "percentile" : {
            "1.000000" : 56576,
            "5.000000" : 58112,
            "10.000000" : 58624,
            "20.000000" : 59136,
            "30.000000" : 60160,
            "40.000000" : 67072,
            "50.000000" : 128512,
            "60.000000" : 132096,
            "70.000000" : 134144,
            "80.000000" : 138240,
            "90.000000" : 150528,
            "95.000000" : 154624,
            "99.000000" : 166912,
            "99.500000" : 181248,
            "99.900000" : 2277376,
            "99.950000" : 2277376,
            "99.990000" : 2375680
          }
        },
        "total_ios" : 0
      },
      "usr_cpu" : 1.978296,
      "sys_cpu" : 9.027178,
      "ctx" : 293602,
      "majf" : 0,
      "minf" : 12,
      "iodepth_level" : {
        "1" : 200.000000,
        "2" : 0.000000,
        "4" : 0.000000,
        "8" : 0.000000,
        "16" : 0.000000,
        "32" : 0.000000,
        ">=64" : 0.000000
      },
      "latency_ns" : {
        "2" : 0.000000,
        "4" : 0.000000,
        "10" : 0.000000,
        "20" : 0.000000,
        "50" : 0.000000,
        "100" : 0.000000,
        "250" : 0.000000,
        "500" : 0.000000,
        "750" : 0.000000,
        "1000" : 0.000000
      },
      "latency_us" : {
        "2" : 8.801272,
        "4" : 78.837464,
        "10" : 11.680193,
        "20" : 0.550559,
        "50" : 0.030708,
        "100" : 0.000000,
        "250" : 0.082255,
        "500" : 0.017548,
        "750" : 0.000000,
        "1000" : 0.000000
      },
      "latency_ms" : {
        "2" : 0.000000,
        "4" : 0.000000,
        "10" : 0.000000,
        "20" : 0.000000,
        "50" : 0.000000,
        "100" : 0.000000,
        "250" : 0.000000,
        "500" : 0.000000,
        "750" : 0.000000,
        "1000" : 0.000000,
        "2000" : 0.000000,
        ">=2000" : 0.000000
      },
      "latency_depth" : 1,
      "latency_target" : 0,
      "latency_percentile" : 100.000000,
      "latency_window" : 0
    }
  ],
  "disk_util" : [
    {
      "name" : "sdc",
      "read_ios" : 1,
      "write_ios" : 193121,
      "read_merges" : 0,
      "write_merges" : 4,
      "read_ticks" : 0,
      "write_ticks" : 11644,
      "in_queue" : 456,
      "util" : 99.094203
    }
  ]
}
