{
  "fio version" : "fio-3.6",
  "timestamp" : 1614030481,
  "timestamp_ms" : 1614030481447,
  "time" : "Mon Feb 22 21:48:01 2021",
  "global options" : {
    "rw" : "write",
    "ioengine" : "sync",
    "fdatasync" : "1",
    "directory" : "/var/mnt/etcd4",
    "size" : "200m",
    "bs" : "2300"
  },
  "jobs" : [
    {
      "jobname" : "etcd",
      "groupid" : 0,
      "error" : 0,
      "eta" : 0,
      "elapsed" : 12,
      "job options" : {
        "name" : "etcd"
      },
      "read" : {
        "io_bytes" : 0,
        "io_kbytes" : 0,
        "bw_bytes" : 0,
        "bw" : 0,
        "iops" : 0.000000,
        "runtime" : 0,
        "total_ios" : 0,
        "short_ios" : 91180,
        "drop_ios" : 0,
        "slat_ns" : {
          "min" : 0,
          "max" : 0,
          "mean" : 0.000000,
          "stddev" : 0.000000
        },
        "clat_ns" : {
          "min" : 0,
          "max" : 0,
          "mean" : 0.000000,
          "stddev" : 0.000000,
          "percentile" : {
            "1.000000" : 0,
            "5.000000" : 0,
            "10.000000" : 0,
            "20.000000" : 0,
            "30.000000" : 0,
            "40.000000" : 0,
            "50.000000" : 0,
            "60.000000" : 0,
            "70.000000" : 0,
            "80.000000" : 0,
            "90.000000" : 0,
            "95.000000" : 0,
            "99.000000" : 0,
            "99.500000" : 0,
            "99.900000" : 0,
            "99.950000" : 0,
            "99.990000" : 0
          }
        },
        "lat_ns" : {
          "min" : 0,
          "max" : 0,
          "mean" : 0.000000,
          "stddev" : 0.000000
        },
        "bw_min" : 0,
        "bw_max" : 0,
        "bw_agg" : 0.000000,
        "bw_mean" : 0.000000,
        "bw_dev" : 0.000000,
        "bw_samples" : 0,
        "iops_min" : 0,
        "iops_max" : 0,
        "iops_mean" : 0.000000,
        "iops_stddev" : 0.000000,
        "iops_samples" : 0
      },
      "write" : {
        "io_bytes" : 209714000,
        "io_kbytes" : 204798,
        "bw_bytes" : 19199304,
        "bw" : 18749,
        "iops" : 8347.523574,
        "runtime" : 10923,
        "total_ios" : 91180,
        "short_ios" : 0,
        "drop_ios" : 0,
        "slat_ns" : {
          "min" : 0,
          "max" : 0,
          "mean" : 0.000000,
          "stddev" : 0.000000
        },
        "clat_ns" : {
          "min" : 1793,
          "max" : 331002,
          "mean" : 3560.948322,
          "stddev" : 7418.633104,
          "percentile" : {
            "1.000000" : 2008,
            "5.000000" : 2128,
            "10.000000" : 2224,
            "20.000000" : 2352,
            "30.000000" : 2512,
            "40.000000" : 2768,
            "50.000000" : 2896,
            "60.000000" : 3024,
            "70.000000" : 3280,
            "80.000000" : 3696,
            "90.000000" : 4640,
            "95.000000" : 7136,
            "99.000000" : 9792,
            "99.500000" : 11072,
            "99.900000" : 199680,
            "99.950000" : 205824,
            "99.990000" : 280576
          }
        },
        "lat_ns" : {
          "min" : 1924,
          "max" : 331103,
          "mean" : 3673.981158,
          "stddev" : 7417.869888
        },
        "bw_min" : 17762,
        "bw_max" : 20843,
        "bw_agg" : 99.774210,
        "bw_mean" : 18706.666667,
        "bw_dev" : 960.436429,
        "bw_samples" : 21,
        "iops_min" : 7908,
        "iops_max" : 9280,
        "iops_mean" : 8328.761905,
        "iops_stddev" : 427.640258,
        "iops_samples" : 21
      },
      "trim" : {
        "io_bytes" : 0,
        "io_kbytes" : 0,
        "bw_bytes" : 0,
        "bw" : 0,
        "iops" : 0.000000,
        "runtime" : 0,
        "total_ios" : 0,
        "short_ios" : 0,
        "drop_ios" : 0,
        "slat_ns" : {
          "min" : 0,
          "max" : 0,
          "mean" : 0.000000,
          "stddev" : 0.000000
        },
        "clat_ns" : {
          "min" : 0,
          "max" : 0,
          "mean" : 0.000000,
          "stddev" : 0.000000,
          "percentile" : {
            "1.000000" : 0,
            "5.000000" : 0,
            "10.000000" : 0,
            "20.000000" : 0,
            "30.000000" : 0,
            "40.000000" : 0,
            "50.000000" : 0,
            "60.000000" : 0,
            "70.000000" : 0,
            "80.000000" : 0,
            "90.000000" : 0,
            "95.000000" : 0,
            "99.000000" : 0,
            "99.500000" : 0,
            "99.900000" : 0,
            "99.950000" : 0,
            "99.990000" : 0
          }
        },
        "lat_ns" : {
          "min" : 0,
          "max" : 0,
          "mean" : 0.000000,
          "stddev" : 0.000000
        },
        "bw_min" : 0,
        "bw_max" : 0,
        "bw_agg" : 0.000000,
        "bw_mean" : 0.000000,
        "bw_dev" : 0.000000,
        "bw_samples" : 0,
        "iops_min" : 0,
        "iops_max" : 0,
        "iops_mean" : 0.000000,
        "iops_stddev" : 0.000000,
        "iops_samples" : 0
      },
      "sync" : {
        "lat_ns" : {
          "min" : 50251,
          "max" : 6148404,
          "mean" : 115184.153729,
          "stddev" : 116662.503309,
          "percentile" : {
            "1.000000" : 54016,
            "5.000000" : 59136,
            "10.000000" : 60160,
            "20.000000" : 61184,
            "30.000000" : 62208,
            "40.000000" : 66048,
            "50.000000" : 132096,
            "60.000000" : 136192,
            "70.000000" : 150528,
            "80.000000" : 152576,
            "90.000000" : 156672,
            "95.000000" : 162816,
            "99.000000" : 177152,
            "99.500000" : 191488,
            "99.900000" : 2277376,
            "99.950000" : 2310144,
            "99.990000" : 2342912
          }
        },
        "total_ios" : 0
      },
      "usr_cpu" : 1.529024,
      "sys_cpu" : 10.776415,
      "ctx" : 280213,
      "majf" : 0,
      "minf" : 12,
      "iodepth_level" : {
        "1" : 200.000000,
        "2" : 0.000000,
        "4" : 0.000000,
        "8" : 0.000000,
        "16" : 0.000000,
        "32" : 0.000000,
        ">=64" : 0.000000
      },
      "latency_ns" : {
        "2" : 0.000000,
        "4" : 0.000000,
        "10" : 0.000000,
        "20" : 0.000000,
        "50" : 0.000000,
        "100" : 0.000000,
        "250" : 0.000000,
        "500" : 0.000000,
        "750" : 0.000000,
        "1000" : 0.000000
      },
      "latency_us" : {
        "2" : 0.966221,
        "4" : 82.809827,
        "10" : 15.311472,
        "20" : 0.775389,
        "50" : 0.024128,
        "100" : 0.010000,
        "250" : 0.095416,
        "500" : 0.015354,
        "750" : 0.000000,
        "1000" : 0.000000
      },
      "latency_ms" : {
        "2" : 0.000000,
        "4" : 0.000000,
        "10" : 0.000000,
        "20" : 0.000000,
        "50" : 0.000000,
        "100" : 0.000000,
        "250" : 0.000000,
        "500" : 0.000000,
        "750" : 0.000000,
        "1000" : 0.000000,
        "2000" : 0.000000,
        ">=2000" : 0.000000
      },
      "latency_depth" : 1,
      "latency_target" : 0,
      "latency_percentile" : 100.000000,
      "latency_window" : 0
    }
  ],
  "disk_util" : [
    {
      "name" : "sdd",
      "read_ios" : 1,
      "write_ios" : 193010,
      "read_merges" : 0,
      "write_merges" : 4,
      "read_ticks" : 1,
      "write_ticks" : 11673,
      "in_queue" : 448,
      "util" : 99.135814
    }
  ]
}
