{
  "fio version" : "fio-3.6",
  "timestamp" : 1614030523,
  "timestamp_ms" : 1614030523881,
  "time" : "Mon Feb 22 21:48:43 2021",
  "global options" : {
    "rw" : "write",
    "ioengine" : "sync",
    "fdatasync" : "1",
    "directory" : "/var/mnt/etcd6",
    "size" : "200m",
    "bs" : "2300"
  },
  "jobs" : [
    {
      "jobname" : "etcd",
      "groupid" : 0,
      "error" : 0,
      "eta" : 0,
      "elapsed" : 11,
      "job options" : {
        "name" : "etcd"
      },
      "read" : {
        "io_bytes" : 0,
        "io_kbytes" : 0,
        "bw_bytes" : 0,
        "bw" : 0,
        "iops" : 0.000000,
        "runtime" : 0,
        "total_ios" : 0,
        "short_ios" : 91180,
        "drop_ios" : 0,
        "slat_ns" : {
          "min" : 0,
          "max" : 0,
          "mean" : 0.000000,
          "stddev" : 0.000000
        },
        "clat_ns" : {
          "min" : 0,
          "max" : 0,
          "mean" : 0.000000,
          "stddev" : 0.000000,
          "percentile" : {
            "1.000000" : 0,
            "5.000000" : 0,
            "10.000000" : 0,
            "20.000000" : 0,
            "30.000000" : 0,
            "40.000000" : 0,
            "50.000000" : 0,
            "60.000000" : 0,
            "70.000000" : 0,
            "80.000000" : 0,
            "90.000000" : 0,
            "95.000000" : 0,
            "99.000000" : 0,
            "99.500000" : 0,
            "99.900000" : 0,
            "99.950000" : 0,
            "99.990000" : 0
          }
        },
        "lat_ns" : {
          "min" : 0,
          "max" : 0,
          "mean" : 0.000000,
          "stddev" : 0.000000
        },
        "bw_min" : 0,
        "bw_max" : 0,
        "bw_agg" : 0.000000,
        "bw_mean" : 0.000000,
        "bw_dev" : 0.000000,
        "bw_samples" : 0,
        "iops_min" : 0,
        "iops_max" : 0,
        "iops_mean" : 0.000000,
        "iops_stddev" : 0.000000,
        "iops_samples" : 0
      },
      "write" : {
        "io_bytes" : 209714000,
        "io_kbytes" : 204798,
        "bw_bytes" : 20408135,
        "bw" : 19929,
        "iops" : 8873.102374,
        "runtime" : 10276,
        "total_ios" : 91180,
        "short_ios" : 0,
        "drop_ios" : 0,
        "slat_ns" : {
          "min" : 0,
          "max" : 0,
          "mean" : 0.000000,
          "stddev" : 0.000000
        },
        "clat_ns" : {
          "min" : 1733,
          "max" : 421788,
          "mean" : 3390.851371,
          "stddev" : 7359.612578,
          "percentile" : {
            "1.000000" : 1960,
            "5.000000" : 2064,
            "10.000000" : 2160,
            "20.000000" : 2288,
            "30.000000" : 2448,
            "40.000000" : 2768,
            "50.000000" : 2896,
            "60.000000" : 2992,
            "70.000000" : 3152,
            "80.000000" : 3472,
            "90.000000" : 4192,
            "95.000000" : 5408,
            "99.000000" : 9280,
            "99.500000" : 10560,
            "99.900000" : 199680,
            "99.950000" : 205824,
            "99.990000" : 284672
          }
        },
        "lat_ns" : {
          "min" : 1843,
          "max" : 421918,
          "mean" : 3499.588748,
          "stddev" : 7358.894574
        },
        "bw_min" : 17622,
        "bw_max" : 21018,
        "bw_agg" : 99.972402,
        "bw_mean" : 19923.500000,
        "bw_dev" : 648.739628,
        "bw_samples" : 20,
        "iops_min" : 7846,
        "iops_max" : 9358,
        "iops_mean" : 8870.400000,
        "iops_stddev" : 288.774981,
        "iops_samples" : 20
      },
      "trim" : {
        "io_bytes" : 0,
        "io_kbytes" : 0,
        "bw_bytes" : 0,
        "bw" : 0,
        "iops" : 0.000000,
        "runtime" : 0,
        "total_ios" : 0,
        "short_ios" : 0,
        "drop_ios" : 0,
        "slat_ns" : {
          "min" : 0,
          "max" : 0,
          "mean" : 0.000000,
          "stddev" : 0.000000
        },
        "clat_ns" : {
          "min" : 0,
          "max" : 0,
          "mean" : 0.000000,
          "stddev" : 0.000000,
          "percentile" : {
            "1.000000" : 0,
            "5.000000" : 0,
            "10.000000" : 0,
            "20.000000" : 0,
            "30.000000" : 0,
            "40.000000" : 0,
            "50.000000" : 0,
            "60.000000" : 0,
            "70.000000" : 0,
            "80.000000" : 0,
            "90.000000" : 0,
            "95.000000" : 0,
            "99.000000" : 0,
            "99.500000" : 0,
            "99.900000" : 0,
            "99.950000" : 0,
            "99.990000" : 0
          }
        },
        "lat_ns" : {
          "min" : 0,
          "max" : 0,
          "mean" : 0.000000,
          "stddev" : 0.000000
        },
        "bw_min" : 0,
        "bw_max" : 0,
        "bw_agg" : 0.000000,
        "bw_mean" : 0.000000,
        "bw_dev" : 0.000000,
        "bw_samples" : 0,
        "iops_min" : 0,
        "iops_max" : 0,
        "iops_mean" : 0.000000,
        "iops_stddev" : 0.000000,
        "iops_samples" : 0
      },
      "sync" : {
        "lat_ns" : {
          "min" : 48976,
          "max" : 7330465,
          "mean" : 108256.294670,
          "stddev" : 114170.368370,
          "percentile" : {
            "1.000000" : 52992,
            "5.000000" : 57600,
            "10.000000" : 59648,
            "20.000000" : 60672,
            "30.000000" : 61696,
            "40.000000" : 67072,
            "50.000000" : 129536,
            "60.000000" : 132096,
            "70.000000" : 132096,
            "80.000000" : 134144,
            "90.000000" : 140288,
            "95.000000" : 150528,
            "99.000000" : 171008,
            "99.500000" : 181248,
            "99.900000" : 2244608,
            "99.950000" : 2277376,
            "99.990000" : 2342912
          }
        },
        "total_ios" : 0
      },
      "usr_cpu" : 2.267640,
      "sys_cpu" : 9.148418,
      "ctx" : 279116,
      "majf" : 0,
      "minf" : 13,
      "iodepth_level" : {
        "1" : 200.000000,
        "2" : 0.000000,
        "4" : 0.000000,
        "8" : 0.000000,
        "16" : 0.000000,
        "32" : 0.000000,
        ">=64" : 0.000000
      },
      "latency_ns" : {
        "2" : 0.000000,
        "4" : 0.000000,
        "10" : 0.000000,
        "20" : 0.000000,
        "50" : 0.000000,
        "100" : 0.000000,
        "250" : 0.000000,
        "500" : 0.000000,
        "750" : 0.000000,
        "1000" : 0.000000
      },
      "latency_us" : {
        "2" : 1.895152,
        "4" : 86.864444,
        "10" : 10.580171,
        "20" : 0.523141,
        "50" : 0.023031,
        "100" : 0.000000,
        "250" : 0.101996,
        "500" : 0.012064,
        "750" : 0.000000,
        "1000" : 0.000000
      },
      "latency_ms" : {
        "2" : 0.000000,
        "4" : 0.000000,
        "10" : 0.000000,
        "20" : 0.000000,
        "50" : 0.000000,
        "100" : 0.000000,
        "250" : 0.000000,
        "500" : 0.000000,
        "750" : 0.000000,
        "1000" : 0.000000,
        "2000" : 0.000000,
        ">=2000" : 0.000000
      },
      "latency_depth" : 1,
      "latency_target" : 0,
      "latency_percentile" : 100.000000,
      "latency_window" : 0
    }
  ],
  "disk_util" : [
    {
      "name" : "sdf",
      "read_ios" : 1,
      "write_ios" : 191113,
      "read_merges" : 0,
      "write_merges" : 4,
      "read_ticks" : 0,
      "write_ticks" : 11438,
      "in_queue" : 434,
      "util" : 99.082390
    }
  ]
}
