{
  "fio version" : "fio-3.6",
  "timestamp" : 1614030544,
  "timestamp_ms" : 1614030544538,
  "time" : "Mon Feb 22 21:49:04 2021",
  "global options" : {
    "rw" : "write",
    "ioengine" : "sync",
    "fdatasync" : "1",
    "directory" : "/var/mnt/etcd7",
    "size" : "200m",
    "bs" : "2300"
  },
  "jobs" : [
    {
      "jobname" : "etcd",
      "groupid" : 0,
      "error" : 0,
      "eta" : 0,
      "elapsed" : 10,
      "job options" : {
        "name" : "etcd"
      },
      "read" : {
        "io_bytes" : 0,
        "io_kbytes" : 0,
        "bw_bytes" : 0,
        "bw" : 0,
        "iops" : 0.000000,
        "runtime" : 0,
        "total_ios" : 0,
        "short_ios" : 91180,
        "drop_ios" : 0,
        "slat_ns" : {
          "min" : 0,
          "max" : 0,
          "mean" : 0.000000,
          "stddev" : 0.000000
        },
        "clat_ns" : {
          "min" : 0,
          "max" : 0,
          "mean" : 0.000000,
          "stddev" : 0.000000,
          "percentile" : {
            "1.000000" : 0,
            "5.000000" : 0,
            "10.000000" : 0,
            "20.000000" : 0,
            "30.000000" : 0,
            "40.000000" : 0,
            "50.000000" : 0,
            "60.000000" : 0,
            "70.000000" : 0,
            "80.000000" : 0,
            "90.000000" : 0,
            "95.000000" : 0,
            "99.000000" : 0,
            "99.500000" : 0,
            "99.900000" : 0,
            "99.950000" : 0,
            "99.990000" : 0
          }
        },
        "lat_ns" : {
          "min" : 0,
          "max" : 0,
          "mean" : 0.000000,
          "stddev" : 0.000000
        },
        "bw_min" : 0,
        "bw_max" : 0,
        "bw_agg" : 0.000000,
        "bw_mean" : 0.000000,
        "bw_dev" : 0.000000,
        "bw_samples" : 0,
        "iops_min" : 0,
        "iops_max" : 0,
        "iops_mean" : 0.000000,
        "iops_stddev" : 0.000000,
        "iops_samples" : 0
      },
      "write" : {
        "io_bytes" : 209714000,
        "io_kbytes" : 204798,
        "bw_bytes" : 21666907,
        "bw" : 21159,
        "iops" : 9420.394669,
        "runtime" : 9679,
        "total_ios" : 91180,
        "short_ios" : 0,
        "drop_ios" : 0,
        "slat_ns" : {
          "min" : 0,
          "max" : 0,
          "mean" : 0.000000,
          "stddev" : 0.000000
        },
        "clat_ns" : {
          "min" : 1693,
          "max" : 346524,
          "mean" : 3379.482540,
          "stddev" : 7362.496694,
          "percentile" : {
            "1.000000" : 1880,
            "5.000000" : 1960,
            "10.000000" : 2024,
            "20.000000" : 2160,
            "30.000000" : 2512,
            "40.000000" : 2672,
            "50.000000" : 2800,
            "60.000000" : 2928,
            "70.000000" : 3184,
            "80.000000" : 3440,
            "90.000000" : 4256,
            "95.000000" : 6496,
            "99.000000" : 9280,
            "99.500000" : 10304,
            "99.900000" : 197632,
            "99.950000" : 205824,
            "99.990000" : 284672
          }
        },
        "lat_ns" : {
          "min" : 1793,
          "max" : 346674,
          "mean" : 3483.668875,
          "stddev" : 7361.732668
        },
        "bw_min" : 20587,
        "bw_max" : 22043,
        "bw_agg" : 100.000000,
        "bw_mean" : 21160.631579,
        "bw_dev" : 423.923239,
        "bw_samples" : 19,
        "iops_min" : 9166,
        "iops_max" : 9814,
        "iops_mean" : 9421.263158,
        "iops_stddev" : 188.665737,
        "iops_samples" : 19
      },
      "trim" : {
        "io_bytes" : 0,
        "io_kbytes" : 0,
        "bw_bytes" : 0,
        "bw" : 0,
        "iops" : 0.000000,
        "runtime" : 0,
        "total_ios" : 0,
        "short_ios" : 0,
        "drop_ios" : 0,
        "slat_ns" : {
          "min" : 0,
          "max" : 0,
          "mean" : 0.000000,
          "stddev" : 0.000000
        },
        "clat_ns" : {
          "min" : 0,
          "max" : 0,
          "mean" : 0.000000,
          "stddev" : 0.000000,
          "percentile" : {
            "1.000000" : 0,
            "5.000000" : 0,
            "10.000000" : 0,
            "20.000000" : 0,
            "30.000000" : 0,
            "40.000000" : 0,
            "50.000000" : 0,
            "60.000000" : 0,
            "70.000000" : 0,
            "80.000000" : 0,
            "90.000000" : 0,
            "95.000000" : 0,
            "99.000000" : 0,
            "99.500000" : 0,
            "99.900000" : 0,
            "99.950000" : 0,
            "99.990000" : 0
          }
        },
        "lat_ns" : {
          "min" : 0,
          "max" : 0,
          "mean" : 0.000000,
          "stddev" : 0.000000
        },
        "bw_min" : 0,
        "bw_max" : 0,
        "bw_agg" : 0.000000,
        "bw_mean" : 0.000000,
        "bw_dev" : 0.000000,
        "bw_samples" : 0,
        "iops_min" : 0,
        "iops_max" : 0,
        "iops_mean" : 0.000000,
        "iops_stddev" : 0.000000,
        "iops_samples" : 0
      },
      "sync" : {
        "lat_ns" : {
          "min" : 50099,
          "max" : 3173189,
          "mean" : 101708.149912,
          "stddev" : 49918.517222,
          "percentile" : {
            "1.000000" : 54016,
            "5.000000" : 55040,
            "10.000000" : 58624,
            "20.000000" : 59648,
            "30.000000" : 60160,
            "40.000000" : 61696,
            "50.000000" : 122368,
            "60.000000" : 132096,
            "70.000000" : 134144,
            "80.000000" : 136192,
            "90.000000" : 138240,
            "95.000000" : 140288,
            "99.000000" : 148480,
            "99.500000" : 152576,
            "99.900000" : 175104,
            "99.950000" : 248832,
            "99.990000" : 2408448
          }
        },
        "total_ios" : 0
      },
      "usr_cpu" : 2.180203,
      "sys_cpu" : 9.661087,
      "ctx" : 295290,
      "majf" : 0,
      "minf" : 13,
      "iodepth_level" : {
        "1" : 200.000000,
        "2" : 0.000000,
        "4" : 0.000000,
        "8" : 0.000000,
        "16" : 0.000000,
        "32" : 0.000000,
        ">=64" : 0.000000
      },
      "latency_ns" : {
        "2" : 0.000000,
        "4" : 0.000000,
        "10" : 0.000000,
        "20" : 0.000000,
        "50" : 0.000000,
        "100" : 0.000000,
        "250" : 0.000000,
        "500" : 0.000000,
        "750" : 0.000000,
        "1000" : 0.000000
      },
      "latency_us" : {
        "2" : 7.881114,
        "4" : 79.054617,
        "10" : 12.487388,
        "20" : 0.443080,
        "50" : 0.021935,
        "100" : 0.010000,
        "250" : 0.095416,
        "500" : 0.014258,
        "750" : 0.000000,
        "1000" : 0.000000
      },
      "latency_ms" : {
        "2" : 0.000000,
        "4" : 0.000000,
        "10" : 0.000000,
        "20" : 0.000000,
        "50" : 0.000000,
        "100" : 0.000000,
        "250" : 0.000000,
        "500" : 0.000000,
        "750" : 0.000000,
        "1000" : 0.000000,
        "2000" : 0.000000,
        ">=2000" : 0.000000
      },
      "latency_depth" : 1,
      "latency_target" : 0,
      "latency_percentile" : 100.000000,
      "latency_window" : 0
    }
  ],
  "disk_util" : [
    {
      "name" : "sdg",
      "read_ios" : 1,
      "write_ios" : 192805,
      "read_merges" : 0,
      "write_merges" : 4,
      "read_ticks" : 0,
      "write_ticks" : 10736,
      "in_queue" : 36,
      "util" : 99.024741
    }
  ]
}
