{
  "fio version" : "fio-3.6",
  "timestamp" : 1614030586,
  "timestamp_ms" : 1614030586503,
  "time" : "Mon Feb 22 21:49:46 2021",
  "global options" : {
    "rw" : "write",
    "ioengine" : "sync",
    "fdatasync" : "1",
    "directory" : "/var/mnt/etcd9",
    "size" : "200m",
    "bs" : "2300"
  },
  "jobs" : [
    {
      "jobname" : "etcd",
      "groupid" : 0,
      "error" : 0,
      "eta" : 0,
      "elapsed" : 11,
      "job options" : {
        "name" : "etcd"
      },
      "read" : {
        "io_bytes" : 0,
        "io_kbytes" : 0,
        "bw_bytes" : 0,
        "bw" : 0,
        "iops" : 0.000000,
        "runtime" : 0,
        "total_ios" : 0,
        "short_ios" : 91180,
        "drop_ios" : 0,
        "slat_ns" : {
          "min" : 0,
          "max" : 0,
          "mean" : 0.000000,
          "stddev" : 0.000000
        },
        "clat_ns" : {
          "min" : 0,
          "max" : 0,
          "mean" : 0.000000,
          "stddev" : 0.000000,
          "percentile" : {
            "1.000000" : 0,
            "5.000000" : 0,
            "10.000000" : 0,
            "20.000000" : 0,
            "30.000000" : 0,
            "40.000000" : 0,
            "50.000000" : 0,
            "60.000000" : 0,
            "70.000000" : 0,
            "80.000000" : 0,
            "90.000000" : 0,
            "95.000000" : 0,
            "99.000000" : 0,
            "99.500000" : 0,
            "99.900000" : 0,
            "99.950000" : 0,
            "99.990000" : 0
          }
        },
        "lat_ns" : {
          "min" : 0,
          "max" : 0,
          "mean" : 0.000000,
          "stddev" : 0.000000
        },
        "bw_min" : 0,
        "bw_max" : 0,
        "bw_agg" : 0.000000,
        "bw_mean" : 0.000000,
        "bw_dev" : 0.000000,
        "bw_samples" : 0,
        "iops_min" : 0,
        "iops_max" : 0,
        "iops_mean" : 0.000000,
        "iops_stddev" : 0.000000,
        "iops_samples" : 0
      },
      "write" : {
        "io_bytes" : 209714000,
        "io_kbytes" : 204798,
        "bw_bytes" : 20374429,
        "bw" : 19896,
        "iops" : 8858.447489,
        "runtime" : 10293,
        "total_ios" : 91180,
        "short_ios" : 0,
        "drop_ios" : 0,
        "slat_ns" : {
          "min" : 0,
          "max" : 0,
          "mean" : 0.000000,
          "stddev" : 0.000000
        },
        "clat_ns" : {
          "min" : 1633,
          "max" : 336759,
          "mean" : 3457.635962,
          "stddev" : 7682.078304,
          "percentile" : {
            "1.000000" : 1896,
            "5.000000" : 1992,
            "10.000000" : 2040,
            "20.000000" : 2160,
            "30.000000" : 2352,
            "40.000000" : 2576,
            "50.000000" : 2704,
            "60.000000" : 2800,
            "70.000000" : 3120,
            "80.000000" : 3536,
            "90.000000" : 4768,
            "95.000000" : 7968,
            "99.000000" : 9792,
            "99.500000" : 10944,
            "99.900000" : 197632,
            "99.950000" : 205824,
            "99.990000" : 317440
          }
        },
        "lat_ns" : {
          "min" : 1703,
          "max" : 336849,
          "mean" : 3550.553904,
          "stddev" : 7681.030505
        },
        "bw_min" : 18238,
        "bw_max" : 22685,
        "bw_agg" : 100.000000,
        "bw_mean" : 19906.350000,
        "bw_dev" : 1202.172738,
        "bw_samples" : 20,
        "iops_min" : 8120,
        "iops_max" : 10100,
        "iops_mean" : 8862.900000,
        "iops_stddev" : 535.249465,
        "iops_samples" : 20
      },
      "trim" : {
        "io_bytes" : 0,
        "io_kbytes" : 0,
        "bw_bytes" : 0,
        "bw" : 0,
        "iops" : 0.000000,
        "runtime" : 0,
        "total_ios" : 0,
        "short_ios" : 0,
        "drop_ios" : 0,
        "slat_ns" : {
          "min" : 0,
          "max" : 0,
          "mean" : 0.000000,
          "stddev" : 0.000000
        },
        "clat_ns" : {
          "min" : 0,
          "max" : 0,
          "mean" : 0.000000,
          "stddev" : 0.000000,
          "percentile" : {
            "1.000000" : 0,
            "5.000000" : 0,
            "10.000000" : 0,
            "20.000000" : 0,
            "30.000000" : 0,
            "40.000000" : 0,
            "50.000000" : 0,
            "60.000000" : 0,
            "70.000000" : 0,
            "80.000000" : 0,
            "90.000000" : 0,
            "95.000000" : 0,
            "99.000000" : 0,
            "99.500000" : 0,
            "99.900000" : 0,
            "99.950000" : 0,
            "99.990000" : 0
          }
        },
        "lat_ns" : {
          "min" : 0,
          "max" : 0,
          "mean" : 0.000000,
          "stddev" : 0.000000
        },
        "bw_min" : 0,
        "bw_max" : 0,
        "bw_agg" : 0.000000,
        "bw_mean" : 0.000000,
        "bw_dev" : 0.000000,
        "bw_samples" : 0,
        "iops_min" : 0,
        "iops_max" : 0,
        "iops_mean" : 0.000000,
        "iops_stddev" : 0.000000,
        "iops_samples" : 0
      },
      "sync" : {
        "lat_ns" : {
          "min" : 49047,
          "max" : 3196969,
          "mean" : 108394.591424,
          "stddev" : 51582.314493,
          "percentile" : {
            "1.000000" : 54016,
            "5.000000" : 56064,
            "10.000000" : 59648,
            "20.000000" : 60672,
            "30.000000" : 61184,
            "40.000000" : 66048,
            "50.000000" : 132096,
            "60.000000" : 138240,
            "70.000000" : 140288,
            "80.000000" : 148480,
            "90.000000" : 160768,
            "95.000000" : 162816,
            "99.000000" : 168960,
            "99.500000" : 173056,
            "99.900000" : 197632,
            "99.950000" : 305152,
            "99.990000" : 1433600
          }
        },
        "total_ios" : 0
      },
      "usr_cpu" : 2.030703,
      "sys_cpu" : 10.250680,
      "ctx" : 294429,
      "majf" : 0,
      "minf" : 13,
      "iodepth_level" : {
        "1" : 200.000000,
        "2" : 0.000000,
        "4" : 0.000000,
        "8" : 0.000000,
        "16" : 0.000000,
        "32" : 0.000000,
        ">=64" : 0.000000
      },
      "latency_ns" : {
        "2" : 0.000000,
        "4" : 0.000000,
        "10" : 0.000000,
        "20" : 0.000000,
        "50" : 0.000000,
        "100" : 0.000000,
        "250" : 0.000000,
        "500" : 0.000000,
        "750" : 0.000000,
        "1000" : 0.000000
      },
      "latency_us" : {
        "2" : 6.096732,
        "4" : 79.260803,
        "10" : 13.753016,
        "20" : 0.769906,
        "50" : 0.010967,
        "100" : 0.000000,
        "250" : 0.085545,
        "500" : 0.023031,
        "750" : 0.000000,
        "1000" : 0.000000
      },
      "latency_ms" : {
        "2" : 0.000000,
        "4" : 0.000000,
        "10" : 0.000000,
        "20" : 0.000000,
        "50" : 0.000000,
        "100" : 0.000000,
        "250" : 0.000000,
        "500" : 0.000000,
        "750" : 0.000000,
        "1000" : 0.000000,
        "2000" : 0.000000,
        ">=2000" : 0.000000
      },
      "latency_depth" : 1,
      "latency_target" : 0,
      "latency_percentile" : 100.000000,
      "latency_window" : 0
    }
  ],
  "disk_util" : [
    {
      "name" : "sdi",
      "read_ios" : 1,
      "write_ios" : 190873,
      "read_merges" : 0,
      "write_merges" : 4,
      "read_ticks" : 1,
      "write_ticks" : 11036,
      "in_queue" : 26,
      "util" : 99.072537
    }
  ]
}
